date,title,notes,bunting,source,source_url
2010-01-01,New Year's Day,,,"Directgov (archived 2011-01-06), transcribed",https://web.archive.org/web/20110106104158/http://www.direct.gov.uk/en/Governmentcitizensandrights/LivingintheUK/DG_073741
2010-04-02,Good Friday,,,"Directgov (archived 2011-01-06), transcribed",https://web.archive.org/web/20110106104158/http://www.direct.gov.uk/en/Governmentcitizensandrights/LivingintheUK/DG_073741
2010-04-05,Easter Monday,,,"Directgov (archived 2011-01-06), transcribed",https://web.archive.org/web/20110106104158/http://www.direct.gov.uk/en/Governmentcitizensandrights/LivingintheUK/DG_073741
2010-05-03,Early May bank holiday,,,"Directgov (archived 2011-01-06), transcribed",https://web.archive.org/web/20110106104158/http://www.direct.gov.uk/en/Governmentcitizensandrights/LivingintheUK/DG_073741
2010-05-31,Spring bank holiday,,,"Directgov (archived 2011-01-06), transcribed",https://web.archive.org/web/20110106104158/http://www.direct.gov.uk/en/Governmentcitizensandrights/LivingintheUK/DG_073741
2010-08-30,Summer bank holiday,,,"Directgov (archived 2011-01-06), transcribed",https://web.archive.org/web/20110106104158/http://www.direct.gov.uk/en/Governmentcitizensandrights/LivingintheUK/DG_073741
2010-12-27,Christmas Day,Substitute day,,"Directgov (archived 2011-01-06), transcribed",https://web.archive.org/web/20110106104158/http://www.direct.gov.uk/en/Governmentcitizensandrights/LivingintheUK/DG_073741
2010-12-28,Boxing Day,Substitute day,,"Directgov (archived 2011-01-06), transcribed",https://web.archive.org/web/20110106104158/http://www.direct.gov.uk/en/Governmentcitizensandrights/LivingintheUK/DG_073741
2011-01-03,New Year's Day,Substitute day,,"Directgov (archived 2011-01-06), transcribed",https://web.archive.org/web/20110106104158/http://www.direct.gov.uk/en/Governmentcitizensandrights/LivingintheUK/DG_073741
2011-04-22,Good Friday,,,"Directgov (archived 2011-01-06), transcribed",https://web.archive.org/web/20110106104158/http://www.direct.gov.uk/en/Governmentcitizensandrights/LivingintheUK/DG_073741
2011-04-25,Easter Monday,,,"Directgov (archived 2011-01-06), transcribed",https://web.archive.org/web/20110106104158/http://www.direct.gov.uk/en/Governmentcitizensandrights/LivingintheUK/DG_073741
2011-04-29,Royal wedding,Extra bank holiday,,"Directgov (archived 2011-01-06), transcribed",https://web.archive.org/web/20110106104158/http://www.direct.gov.uk/en/Governmentcitizensandrights/LivingintheUK/DG_073741
2011-05-02,Early May bank holiday,,,"Directgov (archived 2011-01-06), transcribed",https://web.archive.org/web/20110106104158/http://www.direct.gov.uk/en/Governmentcitizensandrights/LivingintheUK/DG_073741
2011-05-30,Spring bank holiday,,,"Directgov (archived 2011-01-06), transcribed",https://web.archive.org/web/20110106104158/http://www.direct.gov.uk/en/Governmentcitizensandrights/LivingintheUK/DG_073741
2011-08-29,Summer bank holiday,,,"Directgov (archived 2011-01-06), transcribed",https://web.archive.org/web/20110106104158/http://www.direct.gov.uk/en/Governmentcitizensandrights/LivingintheUK/DG_073741
2011-12-26,Christmas Day,Substitute day,,"Directgov (archived 2011-01-06), transcribed",https://web.archive.org/web/20110106104158/http://www.direct.gov.uk/en/Governmentcitizensandrights/LivingintheUK/DG_073741
2011-12-27,Boxing Day,Substitute day,,"Directgov (archived 2011-01-06), transcribed",https://web.archive.org/web/20110106104158/http://www.direct.gov.uk/en/Governmentcitizensandrights/LivingintheUK/DG_073741
2012-01-02,New Year's Day,Substitute day,TRUE,gov.uk bank-holidays.json (archived 2018-12-03),https://web.archive.org/web/20181203062756id_/https://www.gov.uk/bank-holidays.json
2012-04-06,Good Friday,,FALSE,gov.uk bank-holidays.json (archived 2018-12-03),https://web.archive.org/web/20181203062756id_/https://www.gov.uk/bank-holidays.json
2012-04-09,Easter Monday,,TRUE,gov.uk bank-holidays.json (archived 2018-12-03),https://web.archive.org/web/20181203062756id_/https://www.gov.uk/bank-holidays.json
2012-05-07,Early May bank holiday,,TRUE,gov.uk bank-holidays.json (archived 2018-12-03),https://web.archive.org/web/20181203062756id_/https://www.gov.uk/bank-holidays.json
2012-06-04,Spring bank holiday,Substitute day,TRUE,gov.uk bank-holidays.json (archived 2018-12-03),https://web.archive.org/web/20181203062756id_/https://www.gov.uk/bank-holidays.json
2012-06-05,Queen's Diamond Jubilee,Extra bank holiday,TRUE,gov.uk bank-holidays.json (archived 2018-12-03),https://web.archive.org/web/20181203062756id_/https://www.gov.uk/bank-holidays.json
2012-08-27,Summer bank holiday,,TRUE,gov.uk bank-holidays.json (archived 2018-12-03),https://web.archive.org/web/20181203062756id_/https://www.gov.uk/bank-holidays.json
2012-12-25,Christmas Day,,TRUE,gov.uk bank-holidays.json (archived 2018-12-03),https://web.archive.org/web/20181203062756id_/https://www.gov.uk/bank-holidays.json
2012-12-26,Boxing Day,,TRUE,gov.uk bank-holidays.json (archived 2018-12-03),https://web.archive.org/web/20181203062756id_/https://www.gov.uk/bank-holidays.json
2013-01-01,New Year's Day,,TRUE,gov.uk bank-holidays.json (archived 2018-12-03),https://web.archive.org/web/20181203062756id_/https://www.gov.uk/bank-holidays.json
2013-03-29,Good Friday,,FALSE,gov.uk bank-holidays.json (archived 2018-12-03),https://web.archive.org/web/20181203062756id_/https://www.gov.uk/bank-holidays.json
2013-04-01,Easter Monday,,TRUE,gov.uk bank-holidays.json (archived 2018-12-03),https://web.archive.org/web/20181203062756id_/https://www.gov.uk/bank-holidays.json
2013-05-06,Early May bank holiday,,TRUE,gov.uk bank-holidays.json (archived 2018-12-03),https://web.archive.org/web/20181203062756id_/https://www.gov.uk/bank-holidays.json
2013-05-27,Spring bank holiday,,TRUE,gov.uk bank-holidays.json (archived 2018-12-03),https://web.archive.org/web/20181203062756id_/https://www.gov.uk/bank-holidays.json
2013-08-26,Summer bank holiday,,TRUE,gov.uk bank-holidays.json (archived 2018-12-03),https://web.archive.org/web/20181203062756id_/https://www.gov.uk/bank-holidays.json
2013-12-25,Christmas Day,,TRUE,gov.uk bank-holidays.json (archived 2018-12-03),https://web.archive.org/web/20181203062756id_/https://www.gov.uk/bank-holidays.json
2013-12-26,Boxing Day,,TRUE,gov.uk bank-holidays.json (archived 2018-12-03),https://web.archive.org/web/20181203062756id_/https://www.gov.uk/bank-holidays.json
2014-01-01,New Year's Day,,TRUE,gov.uk bank-holidays.json (archived 2018-12-03),https://web.archive.org/web/20181203062756id_/https://www.gov.uk/bank-holidays.json
2014-04-18,Good Friday,,FALSE,gov.uk bank-holidays.json (archived 2018-12-03),https://web.archive.org/web/20181203062756id_/https://www.gov.uk/bank-holidays.json
2014-04-21,Easter Monday,,TRUE,gov.uk bank-holidays.json (archived 2018-12-03),https://web.archive.org/web/20181203062756id_/https://www.gov.uk/bank-holidays.json
2014-05-05,Early May bank holiday,,TRUE,gov.uk bank-holidays.json (archived 2018-12-03),https://web.archive.org/web/20181203062756id_/https://www.gov.uk/bank-holidays.json
2014-05-26,Spring bank holiday,,TRUE,gov.uk bank-holidays.json (archived 2018-12-03),https://web.archive.org/web/20181203062756id_/https://www.gov.uk/bank-holidays.json
2014-08-25,Summer bank holiday,,TRUE,gov.uk bank-holidays.json (archived 2018-12-03),https://web.archive.org/web/20181203062756id_/https://www.gov.uk/bank-holidays.json
2014-12-25,Christmas Day,,TRUE,gov.uk bank-holidays.json (archived 2018-12-03),https://web.archive.org/web/20181203062756id_/https://www.gov.uk/bank-holidays.json
2014-12-26,Boxing Day,,TRUE,gov.uk bank-holidays.json (archived 2018-12-03),https://web.archive.org/web/20181203062756id_/https://www.gov.uk/bank-holidays.json
2015-01-01,New Year's Day,,TRUE,gov.uk bank-holidays.json (archived 2018-12-03),https://web.archive.org/web/20181203062756id_/https://www.gov.uk/bank-holidays.json
2015-04-03,Good Friday,,FALSE,gov.uk bank-holidays.json (archived 2018-12-03),https://web.archive.org/web/20181203062756id_/https://www.gov.uk/bank-holidays.json
2015-04-06,Easter Monday,,TRUE,gov.uk bank-holidays.json (archived 2018-12-03),https://web.archive.org/web/20181203062756id_/https://www.gov.uk/bank-holidays.json
2015-05-04,Early May bank holiday,,TRUE,gov.uk bank-holidays.json (archived 2018-12-03),https://web.archive.org/web/20181203062756id_/https://www.gov.uk/bank-holidays.json
2015-05-25,Spring bank holiday,,TRUE,gov.uk bank-holidays.json (archived 2018-12-03),https://web.archive.org/web/20181203062756id_/https://www.gov.uk/bank-holidays.json
2015-08-31,Summer bank holiday,,TRUE,gov.uk bank-holidays.json (archived 2018-12-03),https://web.archive.org/web/20181203062756id_/https://www.gov.uk/bank-holidays.json
2015-12-25,Christmas Day,,TRUE,gov.uk bank-holidays.json (archived 2018-12-03),https://web.archive.org/web/20181203062756id_/https://www.gov.uk/bank-holidays.json
2015-12-28,Boxing Day,Substitute day,TRUE,gov.uk bank-holidays.json (archived 2018-12-03),https://web.archive.org/web/20181203062756id_/https://www.gov.uk/bank-holidays.json
2016-01-01,New Year's Day,,TRUE,gov.uk bank-holidays.json (archived 2018-12-03),https://web.archive.org/web/20181203062756id_/https://www.gov.uk/bank-holidays.json
2016-03-25,Good Friday,,FALSE,gov.uk bank-holidays.json (archived 2018-12-03),https://web.archive.org/web/20181203062756id_/https://www.gov.uk/bank-holidays.json
2016-03-28,Easter Monday,,TRUE,gov.uk bank-holidays.json (archived 2018-12-03),https://web.archive.org/web/20181203062756id_/https://www.gov.uk/bank-holidays.json
2016-05-02,Early May bank holiday,,TRUE,gov.uk bank-holidays.json (archived 2018-12-03),https://web.archive.org/web/20181203062756id_/https://www.gov.uk/bank-holidays.json
2016-05-30,Spring bank holiday,,TRUE,gov.uk bank-holidays.json (archived 2018-12-03),https://web.archive.org/web/20181203062756id_/https://www.gov.uk/bank-holidays.json
2016-08-29,Summer bank holiday,,TRUE,gov.uk bank-holidays.json (archived 2018-12-03),https://web.archive.org/web/20181203062756id_/https://www.gov.uk/bank-holidays.json
2016-12-26,Boxing Day,,TRUE,gov.uk bank-holidays.json (archived 2018-12-03),https://web.archive.org/web/20181203062756id_/https://www.gov.uk/bank-holidays.json
2016-12-27,Christmas Day,Substitute day,TRUE,gov.uk bank-holidays.json (archived 2018-12-03),https://web.archive.org/web/20181203062756id_/https://www.gov.uk/bank-holidays.json
2017-01-02,New Year's Day,Substitute day,TRUE,gov.uk bank-holidays.json (archived 2018-12-03),https://web.archive.org/web/20181203062756id_/https://www.gov.uk/bank-holidays.json
2017-04-14,Good Friday,,FALSE,gov.uk bank-holidays.json (archived 2018-12-03),https://web.archive.org/web/20181203062756id_/https://www.gov.uk/bank-holidays.json
2017-04-17,Easter Monday,,TRUE,gov.uk bank-holidays.json (archived 2018-12-03),https://web.archive.org/web/20181203062756id_/https://www.gov.uk/bank-holidays.json
2017-05-01,Early May bank holiday,,TRUE,gov.uk bank-holidays.json (archived 2018-12-03),https://web.archive.org/web/20181203062756id_/https://www.gov.uk/bank-holidays.json
2017-05-29,Spring bank holiday,,TRUE,gov.uk bank-holidays.json (archived 2018-12-03),https://web.archive.org/web/20181203062756id_/https://www.gov.uk/bank-holidays.json
2017-08-28,Summer bank holiday,,TRUE,gov.uk bank-holidays.json (archived 2018-12-03),https://web.archive.org/web/20181203062756id_/https://www.gov.uk/bank-holidays.json
2017-12-25,Christmas Day,,TRUE,gov.uk bank-holidays.json (archived 2018-12-03),https://web.archive.org/web/20181203062756id_/https://www.gov.uk/bank-holidays.json
2017-12-26,Boxing Day,,TRUE,gov.uk bank-holidays.json (archived 2018-12-03),https://web.archive.org/web/20181203062756id_/https://www.gov.uk/bank-holidays.json
2018-01-01,New Year's Day,,TRUE,gov.uk bank-holidays.json (archived 2018-12-03),https://web.archive.org/web/20181203062756id_/https://www.gov.uk/bank-holidays.json
2018-03-30,Good Friday,,FALSE,gov.uk bank-holidays.json (archived 2018-12-03),https://web.archive.org/web/20181203062756id_/https://www.gov.uk/bank-holidays.json
2018-04-02,Easter Monday,,TRUE,gov.uk bank-holidays.json (archived 2018-12-03),https://web.archive.org/web/20181203062756id_/https://www.gov.uk/bank-holidays.json
2018-05-07,Early May bank holiday,,TRUE,gov.uk bank-holidays.json (archived 2018-12-03),https://web.archive.org/web/20181203062756id_/https://www.gov.uk/bank-holidays.json
2018-05-28,Spring bank holiday,,TRUE,gov.uk bank-holidays.json (archived 2018-12-03),https://web.archive.org/web/20181203062756id_/https://www.gov.uk/bank-holidays.json
2018-08-27,Summer bank holiday,,TRUE,gov.uk bank-holidays.json (archived 2018-12-03),https://web.archive.org/web/20181203062756id_/https://www.gov.uk/bank-holidays.json
2018-12-25,Christmas Day,,TRUE,gov.uk bank-holidays.json (archived 2018-12-03),https://web.archive.org/web/20181203062756id_/https://www.gov.uk/bank-holidays.json
2018-12-26,Boxing Day,,TRUE,gov.uk bank-holidays.json (archived 2018-12-03),https://web.archive.org/web/20181203062756id_/https://www.gov.uk/bank-holidays.json
2019-01-01,New Year's Day,,TRUE,gov.uk bank-holidays.json,https://www.gov.uk/bank-holidays.json
2019-04-19,Good Friday,,FALSE,gov.uk bank-holidays.json,https://www.gov.uk/bank-holidays.json
2019-04-22,Easter Monday,,TRUE,gov.uk bank-holidays.json,https://www.gov.uk/bank-holidays.json
2019-05-06,Early May bank holiday,,TRUE,gov.uk bank-holidays.json,https://www.gov.uk/bank-holidays.json
2019-05-27,Spring bank holiday,,TRUE,gov.uk bank-holidays.json,https://www.gov.uk/bank-holidays.json
2019-08-26,Summer bank holiday,,TRUE,gov.uk bank-holidays.json,https://www.gov.uk/bank-holidays.json
2019-12-25,Christmas Day,,TRUE,gov.uk bank-holidays.json,https://www.gov.uk/bank-holidays.json
2019-12-26,Boxing Day,,TRUE,gov.uk bank-holidays.json,https://www.gov.uk/bank-holidays.json
2020-01-01,New Year's Day,,TRUE,gov.uk bank-holidays.json,https://www.gov.uk/bank-holidays.json
2020-04-10,Good Friday,,FALSE,gov.uk bank-holidays.json,https://www.gov.uk/bank-holidays.json
2020-04-13,Easter Monday,,FALSE,gov.uk bank-holidays.json,https://www.gov.uk/bank-holidays.json
2020-05-08,Early May bank holiday (VE day),,TRUE,gov.uk bank-holidays.json,https://www.gov.uk/bank-holidays.json
2020-05-25,Spring bank holiday,,TRUE,gov.uk bank-holidays.json,https://www.gov.uk/bank-holidays.json
2020-08-31,Summer bank holiday,,TRUE,gov.uk bank-holidays.json,https://www.gov.uk/bank-holidays.json
2020-12-25,Christmas Day,,TRUE,gov.uk bank-holidays.json,https://www.gov.uk/bank-holidays.json
2020-12-28,Boxing Day,Substitute day,TRUE,gov.uk bank-holidays.json,https://www.gov.uk/bank-holidays.json
2021-01-01,New Year's Day,,TRUE,gov.uk bank-holidays.json,https://www.gov.uk/bank-holidays.json
2021-04-02,Good Friday,,FALSE,gov.uk bank-holidays.json,https://www.gov.uk/bank-holidays.json
2021-04-05,Easter Monday,,TRUE,gov.uk bank-holidays.json,https://www.gov.uk/bank-holidays.json
2021-05-03,Early May bank holiday,,TRUE,gov.uk bank-holidays.json,https://www.gov.uk/bank-holidays.json
2021-05-31,Spring bank holiday,,TRUE,gov.uk bank-holidays.json,https://www.gov.uk/bank-holidays.json
2021-08-30,Summer bank holiday,,TRUE,gov.uk bank-holidays.json,https://www.gov.uk/bank-holidays.json
2021-12-27,Christmas Day,Substitute day,TRUE,gov.uk bank-holidays.json,https://www.gov.uk/bank-holidays.json
2021-12-28,Boxing Day,Substitute day,TRUE,gov.uk bank-holidays.json,https://www.gov.uk/bank-holidays.json
2022-01-03,New Year's Day,Substitute day,TRUE,gov.uk bank-holidays.json,https://www.gov.uk/bank-holidays.json
2022-04-15,Good Friday,,FALSE,gov.uk bank-holidays.json,https://www.gov.uk/bank-holidays.json
2022-04-18,Easter Monday,,TRUE,gov.uk bank-holidays.json,https://www.gov.uk/bank-holidays.json
2022-05-02,Early May bank holiday,,TRUE,gov.uk bank-holidays.json,https://www.gov.uk/bank-holidays.json
2022-06-02,Spring bank holiday,,TRUE,gov.uk bank-holidays.json,https://www.gov.uk/bank-holidays.json
2022-06-03,Platinum Jubilee bank holiday,,TRUE,gov.uk bank-holidays.json,https://www.gov.uk/bank-holidays.json
2022-08-29,Summer bank holiday,,TRUE,gov.uk bank-holidays.json,https://www.gov.uk/bank-holidays.json
2022-09-19,Bank Holiday for the State Funeral of Queen Elizabeth II,,FALSE,gov.uk bank-holidays.json,https://www.gov.uk/bank-holidays.json
2022-12-26,Boxing Day,,TRUE,gov.uk bank-holidays.json,https://www.gov.uk/bank-holidays.json
2022-12-27,Christmas Day,Substitute day,TRUE,gov.uk bank-holidays.json,https://www.gov.uk/bank-holidays.json
2023-01-02,New Year's Day,Substitute day,TRUE,gov.uk bank-holidays.json,https://www.gov.uk/bank-holidays.json
2023-04-07,Good Friday,,FALSE,gov.uk bank-holidays.json,https://www.gov.uk/bank-holidays.json
2023-04-10,Easter Monday,,TRUE,gov.uk bank-holidays.json,https://www.gov.uk/bank-holidays.json
2023-05-01,Early May bank holiday,,TRUE,gov.uk bank-holidays.json,https://www.gov.uk/bank-holidays.json
2023-05-08,Bank holiday for the coronation of King Charles III,,TRUE,gov.uk bank-holidays.json,https://www.gov.uk/bank-holidays.json
2023-05-29,Spring bank holiday,,TRUE,gov.uk bank-holidays.json,https://www.gov.uk/bank-holidays.json
2023-08-28,Summer bank holiday,,TRUE,gov.uk bank-holidays.json,https://www.gov.uk/bank-holidays.json
2023-12-25,Christmas Day,,TRUE,gov.uk bank-holidays.json,https://www.gov.uk/bank-holidays.json
2023-12-26,Boxing Day,,TRUE,gov.uk bank-holidays.json,https://www.gov.uk/bank-holidays.json
2024-01-01,New Year's Day,,TRUE,gov.uk bank-holidays.json,https://www.gov.uk/bank-holidays.json
2024-03-29,Good Friday,,FALSE,gov.uk bank-holidays.json,https://www.gov.uk/bank-holidays.json
2024-04-01,Easter Monday,,TRUE,gov.uk bank-holidays.json,https://www.gov.uk/bank-holidays.json
2024-05-06,Early May bank holiday,,TRUE,gov.uk bank-holidays.json,https://www.gov.uk/bank-holidays.json
2024-05-27,Spring bank holiday,,TRUE,gov.uk bank-holidays.json,https://www.gov.uk/bank-holidays.json
2024-08-26,Summer bank holiday,,TRUE,gov.uk bank-holidays.json,https://www.gov.uk/bank-holidays.json
2024-12-25,Christmas Day,,TRUE,gov.uk bank-holidays.json,https://www.gov.uk/bank-holidays.json
2024-12-26,Boxing Day,,TRUE,gov.uk bank-holidays.json,https://www.gov.uk/bank-holidays.json
2025-01-01,New Year's Day,,TRUE,gov.uk bank-holidays.json,https://www.gov.uk/bank-holidays.json
2025-04-18,Good Friday,,FALSE,gov.uk bank-holidays.json,https://www.gov.uk/bank-holidays.json
2025-04-21,Easter Monday,,TRUE,gov.uk bank-holidays.json,https://www.gov.uk/bank-holidays.json
2025-05-05,Early May bank holiday,,TRUE,gov.uk bank-holidays.json,https://www.gov.uk/bank-holidays.json
2025-05-26,Spring bank holiday,,TRUE,gov.uk bank-holidays.json,https://www.gov.uk/bank-holidays.json
2025-08-25,Summer bank holiday,,TRUE,gov.uk bank-holidays.json,https://www.gov.uk/bank-holidays.json
2025-12-25,Christmas Day,,TRUE,gov.uk bank-holidays.json,https://www.gov.uk/bank-holidays.json
2025-12-26,Boxing Day,,TRUE,gov.uk bank-holidays.json,https://www.gov.uk/bank-holidays.json
2026-01-01,New Year's Day,,TRUE,gov.uk bank-holidays.json,https://www.gov.uk/bank-holidays.json
2026-04-03,Good Friday,,FALSE,gov.uk bank-holidays.json,https://www.gov.uk/bank-holidays.json
2026-04-06,Easter Monday,,TRUE,gov.uk bank-holidays.json,https://www.gov.uk/bank-holidays.json
2026-05-04,Early May bank holiday,,TRUE,gov.uk bank-holidays.json,https://www.gov.uk/bank-holidays.json
2026-05-25,Spring bank holiday,,TRUE,gov.uk bank-holidays.json,https://www.gov.uk/bank-holidays.json
2026-08-31,Summer bank holiday,,TRUE,gov.uk bank-holidays.json,https://www.gov.uk/bank-holidays.json
2026-12-25,Christmas Day,,TRUE,gov.uk bank-holidays.json,https://www.gov.uk/bank-holidays.json
2026-12-28,Boxing Day,Substitute day,TRUE,gov.uk bank-holidays.json,https://www.gov.uk/bank-holidays.json
2027-01-01,New Year's Day,,TRUE,gov.uk bank-holidays.json,https://www.gov.uk/bank-holidays.json
2027-03-26,Good Friday,,FALSE,gov.uk bank-holidays.json,https://www.gov.uk/bank-holidays.json
2027-03-29,Easter Monday,,TRUE,gov.uk bank-holidays.json,https://www.gov.uk/bank-holidays.json
2027-05-03,Early May bank holiday,,TRUE,gov.uk bank-holidays.json,https://www.gov.uk/bank-holidays.json
2027-05-31,Spring bank holiday,,TRUE,gov.uk bank-holidays.json,https://www.gov.uk/bank-holidays.json
2027-08-30,Summer bank holiday,,TRUE,gov.uk bank-holidays.json,https://www.gov.uk/bank-holidays.json
2027-12-27,Christmas Day,Substitute day,TRUE,gov.uk bank-holidays.json,https://www.gov.uk/bank-holidays.json
2027-12-28,Boxing Day,Substitute day,TRUE,gov.uk bank-holidays.json,https://www.gov.uk/bank-holidays.json
2028-01-03,New Year's Day,Substitute day,TRUE,gov.uk bank-holidays.json,https://www.gov.uk/bank-holidays.json
2028-04-14,Good Friday,,FALSE,gov.uk bank-holidays.json,https://www.gov.uk/bank-holidays.json
2028-04-17,Easter Monday,,TRUE,gov.uk bank-holidays.json,https://www.gov.uk/bank-holidays.json
2028-05-01,Early May bank holiday,,TRUE,gov.uk bank-holidays.json,https://www.gov.uk/bank-holidays.json
2028-05-29,Spring bank holiday,,TRUE,gov.uk bank-holidays.json,https://www.gov.uk/bank-holidays.json
2028-08-28,Summer bank holiday,,TRUE,gov.uk bank-holidays.json,https://www.gov.uk/bank-holidays.json
2028-12-25,Christmas Day,,TRUE,gov.uk bank-holidays.json,https://www.gov.uk/bank-holidays.json
2028-12-26,Boxing Day,,TRUE,gov.uk bank-holidays.json,https://www.gov.uk/bank-holidays.json
